group,CSplus,CSminus,SEMCSplus,SEMCSminus
sham,14,4.5,0.930949336,0.859586464
ACCX,9.857142857,6.428571429,1.078547776,1.065858537
