group,CSpluslatency,CSminuslatency,CSplusSEM,CSminusSEM
sham,3.884335347,4.212530713,0.224840383,0.259312234
ACCX,4.672486108,3.61943375,0.347628945,0.490227261
